Name,Slug,Collection ID,Locale ID,Item ID,Archived,Draft,Created On,Updated On,Published On,Project Summary,Project Summary 2,Project Summary 3,Lasting Impact,Purposeful Wrap-Up,Live Website,Video Background,Has Video Background,Main Image,Second Image,Third Image,Fourth Image,Fifth Image,Featured Image,Client Logo,Services,Year
Choice-Based Behavioral Simulators,choice-based-behavioral-simulators,6a588d1393f44d2ba7e03d50,6a588d1393f44d2ba7e03d4f,6a588d1393f44d2ba7e03d99,false,false,Tue May 13 2025 10:37:47 GMT+0000 (Coordinated Universal Time),Thu Jul 16 2026 11:57:53 GMT+0000 (Coordinated Universal Time),Fri Sep 05 2025 13:06:40 GMT+0000 (Coordinated Universal Time),"Psychosocial Growth, Choice Simulators",Apps frequently isolate children behind video streams without checking comprehension or providing emotional growth tools. We solve this isolation by engineering choice-based scenario modules that build empathy and self-regulation," The system simulates real-world relational dynamics, gently prompting children to navigate emotions, share responsibilities, and make conscious choices",This psychosocial module wasn't just about playing stories—it was about engineering a secure space for emotional expression and behavioral growth,"Our simulator systems prove that digital play can nurture emotional intelligence, setting a premium standard for human-centric product design",,,false,https://cdn.prod.website-files.com/6a588d1393f44d2ba7e03d4e/6a58c0339f82db2422ed79aa_card05.jpg,,,,,,https://cdn.prod.website-files.com/6a588d1393f44d2ba7e03d4e/6a588d1393f44d2ba7e03e22_logo-5.webp,"Psychosocial Growth, Choice Simulators",2024
Spatial 3D Adventure Engine,spatial-3d-adventure-engine,6a588d1393f44d2ba7e03d50,6a588d1393f44d2ba7e03d4f,6a588d1393f44d2ba7e03dc5,false,false,Tue May 13 2025 10:37:48 GMT+0000 (Coordinated Universal Time),Thu Jul 16 2026 11:54:08 GMT+0000 (Coordinated Universal Time),Fri Sep 05 2025 13:06:40 GMT+0000 (Coordinated Universal Time),"Active Engagement, Unity 3D Engine","Standard tablets turn young children into passive viewers, offering toxic screen time that functions as mindless entertainment. We counter this passive consumption by deploying responsive 3D adventure worlds that transform every tap into purposeful milestone challenges.","By moving away from static video playback, the platform invites children to touch, explore, and solve problems in a real-time responsive space.",This shift to active interaction wasn't just about entertaining visuals—it was about reclaiming screen time as an active vehicle for neural stimulation.,"Our deployment of spatial 3D environments sets a benchmark for responsible children's media, proving that digital tools can inspire true cognitive participation.",,,false,https://cdn.prod.website-files.com/6a588d1393f44d2ba7e03d4e/6a58b9d5e631f07e51019540_card03.png,,,,,,https://cdn.prod.website-files.com/6a588d1393f44d2ba7e03d4e/6a588d1393f44d2ba7e03d76_logo-4.webp,"Active Engagement, Unity 3D Engine",2023
Active Numerical Playground,active-numerical-playground,6a588d1393f44d2ba7e03d50,6a588d1393f44d2ba7e03d4f,6a588d1393f44d2ba7e03de7,false,false,Tue May 13 2025 10:37:47 GMT+0000 (Coordinated Universal Time),Thu Jul 16 2026 11:56:05 GMT+0000 (Coordinated Universal Time),Fri Sep 05 2025 13:06:40 GMT+0000 (Coordinated Universal Time),"Spatial Numeracy, Early Mathematics",raditional number applications focus narrowly on rigid flashcard drills and rote memorization instead of real mathematical logic. We eliminate this academic friction by building an active numerical playground that advances visually from basic counting to complex sorting,"By gamifying core mathematical principles within spatial environments, children visually grasp numerical scale and logical relationships",This logic engine wasn't just about memorizing numbers—it was about cultivating real mathematical intuition and spatial reasoning skills through tactile play,"Our playground framework reimagines early numeracy, laying down a deep, intuitive foundation for mathematical logic before the classroom",,,true,https://cdn.prod.website-files.com/6a588d1393f44d2ba7e03d4e/6a58bc8946e13e28e7e4bda0_card04.jpg,https://cdn.prod.website-files.com/6a588d1393f44d2ba7e03d4e/6a58c0339f82db2422ed79aa_card05.jpg,,,,,https://cdn.prod.website-files.com/6a588d1393f44d2ba7e03d4e/6a588d1393f44d2ba7e03d97_logo-1.webp,"Spatial Numeracy, Early Mathematics",2024
Spatial Heritage Projection,spatial-heritage-projection,6a588d1393f44d2ba7e03d50,6a588d1393f44d2ba7e03d4f,6a588d1393f44d2ba7e03e03,false,false,Tue May 13 2025 10:37:47 GMT+0000 (Coordinated Universal Time),Thu Jul 16 2026 12:00:02 GMT+0000 (Coordinated Universal Time),Fri Sep 05 2025 13:06:40 GMT+0000 (Coordinated Universal Time),"Cultural Heritage, Spatial Computing","Mass-market children's applications completely ignore local traditions, creating a heavy Western bias that separates children from their roots. We correct this imbalance by engineering an immersive AR festival experience that projects 7 interactive, beautifully lit Vesak lanterns directly onto the living room floor","By introducing familiar cultural anchors into advanced spatial modules, we build a sense of belonging and bridge ancestral heritage with futuristic media",This immersive tradition wasn't just about novelty graphics—it was about using spatial technology to anchor local history directly within modern childhood,"Our localized interactive modules elevate regional heritage to the global stage, proving that digital innovation doesn't have to mean cultural dilution",https://www.flowmance.com/,,false,https://cdn.prod.website-files.com/6a588d1393f44d2ba7e03d4e/6a58c1e6c227b6b97e29df73_card06.jpg,,,,,,https://cdn.prod.website-files.com/6a588d1393f44d2ba7e03d4e/6a588d1393f44d2ba7e03e23_logo-3.webp,"Strategy, Concept",2025
Curriculum Architecture,curriculum-mapping-architecture,6a588d1393f44d2ba7e03d50,6a588d1393f44d2ba7e03d4f,6a588d1393f44d2ba7e03e04,false,false,Tue May 13 2025 10:37:51 GMT+0000 (Coordinated Universal Time),Thu Jul 16 2026 12:07:16 GMT+0000 (Coordinated Universal Time),Fri Sep 05 2025 13:06:40 GMT+0000 (Coordinated Universal Time),"Curriculum Architecture, Preschool Readiness","Early childhood learning is often flooded with scattered, unrelated digital tasks that offer zero structured development. We solve this fragmentation by anchoring every learning node to national curriculum frameworks.","By aligning every module with formal early education benchmarks, we transform random screen time into an organized, trackable path toward preschool readiness","This structural framework wasn't just about grouping games—it was about building a cohesive, academic-grade roadmap for early childhood development","Our structured curriculum network delivers an intentional blueprint for early growth, replacing chaotic digital distraction with structured pedagogical milestones.",,,false,https://cdn.prod.website-files.com/6a588d1393f44d2ba7e03d4e/6a58bc7521826d11607a80f0_card02.jpg,https://cdn.prod.website-files.com/6a588d1393f44d2ba7e03d4e/6a58bc8946e13e28e7e4bda0_card04.jpg,,,,,https://cdn.prod.website-files.com/68a30ae69f16a541afc009fd/68a30ae69f16a541afc00a72_logo-6.webp,"Curriculum Architecture, Preschool Readiness",2025
Trilingual Gateway,trilingual-gateway,6a588d1393f44d2ba7e03d50,6a588d1393f44d2ba7e03d4f,6a588d1393f44d2ba7e03e05,false,false,Mon Jul 14 2025 10:19:22 GMT+0000 (Coordinated Universal Time),Thu Jul 16 2026 11:50:01 GMT+0000 (Coordinated Universal Time),Fri Sep 05 2025 13:06:40 GMT+0000 (Coordinated Universal Time),"Native-First Literacy, Localization Systems
","Most early education apps only speak English, leaving local children disconnected from the language they think in at home. We solve this linguistic divide by introducing a single-tap trilingual gateway across Sinhala, Tamil, and English."," The integrated trilingual architecture ensures no child is left behind, allowing them to shift fluidly between languages while developing foundational cognitive concepts.",This module wasn't just about interface localization — it was about creating an inclusive digital ecosystem that bridges cultural divides from day one.,"Our approach to native-first accessibility establishes a new standard for interactive regional education, showing that technology serves best when it speaks your language.",,,false,https://cdn.prod.website-files.com/6a588d1393f44d2ba7e03d4e/6a58bc669c46b10c5ebe3976_card01.jpg,https://cdn.prod.website-files.com/6a588d1393f44d2ba7e03d4e/6a58bc7521826d11607a80f0_card02.jpg,,,,,https://cdn.prod.website-files.com/6a588d1393f44d2ba7e03d4e/6a588d1393f44d2ba7e03e0a_logo-8.webp,"Native-First Literacy, Localization Systems",2024
Fine Motor Skill Studios,fine-motor-skill-studios,6a588d1393f44d2ba7e03d50,6a588d1393f44d2ba7e03d4f,6a5891c29540833d55514958,false,false,Thu Jul 16 2026 08:09:38 GMT+0000 (Coordinated Universal Time),Thu Jul 16 2026 12:05:58 GMT+0000 (Coordinated Universal Time),,"Hand Skills Zone, Fine Motor Studios","Generic digital interfaces bypass essential physical hand practice, letting bad posture and incorrect stroke styles harden into poor physical writing habits. We solve this tactile deficit by building digital sand trays and pegboards featuring real-time stroke-error feedback."," The tool provides microscopic, real-time guidance to guide physical coordination, preparing small hands for physical paper tasks with precision.",This motor system wasn't just about screen interactions—it was about training physical muscular precision and fine mechanics through smart feedback.,"Our specialized Hand Skills Zone repairs the gap between digital interaction and physical dexterity, protecting essential motor milestones. ",,,false,https://cdn.prod.website-files.com/6a588d1393f44d2ba7e03d4e/6a58c3ab96131c04655cf8a3_card09.jpg,,,,,,,,
Ecosystem Sync Network,ecosystem-sync-network,6a588d1393f44d2ba7e03d50,6a588d1393f44d2ba7e03d4f,6a5891ea3125c1022f44fd27,false,false,Thu Jul 16 2026 08:10:18 GMT+0000 (Coordinated Universal Time),Thu Jul 16 2026 12:05:10 GMT+0000 (Coordinated Universal Time),,"Ecosystem Infrastructure, Parent-Teacher Hub",Critical school updates between preschool classrooms and parents constantly get lost in opaque communication loops like messy paper notes and chaotic WhatsApp threads. We streamline this ecosystem via a secure dashboard featuring targeted message streams and deep-link alerts.,"The specialized communications framework keeps both parties entirely aligned, maintaining a collaborative circle around each individual child's timeline.", This secure network infrastructure wasn't just a communication log—it was about establishing an institutional bridge of absolute transparency.,"Our secure parent-teacher communication dashboard streamlines early education logistics, turning operational friction into clean collaboration.",,,false,https://cdn.prod.website-files.com/6a588d1393f44d2ba7e03d4e/6a58c602727568b26a51b01d_card08.jpg,,,,,,,,
Learning Path Analytics Engine,learning-path-analytics-engine,6a588d1393f44d2ba7e03d50,6a588d1393f44d2ba7e03d4f,6a58920afea89725d9725772,false,false,Thu Jul 16 2026 08:10:50 GMT+0000 (Coordinated Universal Time),Thu Jul 16 2026 12:04:14 GMT+0000 (Coordinated Universal Time),,"Learning Path Engine, Real-Time Analytics","Parents and educators have no clear, empirical method to monitor a child's progress against national education standards without high-pressure testing. We replace this unmonitored guesswork by capturing drawings, voice recordings, and activity evidence to map growth across real developmental frameworks","The system compiles subtle performance markers into structured, qualitative metrics, making intuitive progress instantly visible without stressful testing environments","This analytics engine wasn't just a dashboard tool—it was about providing actionable, developmental clarity to the child's support network","Our real-time benchmark engine replaces guesswork with structured data verification, ensuring no early cognitive developmental leap goes unseen",,,false,https://cdn.prod.website-files.com/6a588d1393f44d2ba7e03d4e/6a58c16193f4be2a05f025a0_card07.jpg,,,,,,,,
